Código;Twitter;Nome;Link_Wikipedia (Deputado);Partido;Link_Wikipedia (Partido);Coligação;Votos nominais;Nota;Estado
1;@abou_anni;Abou Anni;Abou Anni;PSL;PSL;PSL;69.256;;SÃO PAULO
2;@AcacioFavacho;Acácio Favacho;Acácio Favacho;PROS;PROS;PDT / PCdoB / MDB / PROS;19.111;;AMAPÁ
3;@AdolfoViana_;Adolfo Viana;Adolfo Viana;PSDB;PSDB;PSDB;102.603;;BAHIA
4;@adrianasounovo;Adriana Ventura;Adriana Ventura;NOVO;NOVO;NOVO;64.341;;SÃO PAULO
5;@adrianodobaldy;Adriano do Baldy;Adriano do Baldy;PP;PP;MDB / Republicanos / PP;77.729;;GOIÁS
6;@AecioNeves;Aécio Neves;Aécio Neves;PSDB;PSDB;PSDB / PSD / Solidariedade / Cidadania / DEM / PP;105.525;;MINAS GERAIS
7;@AfonsoFlorence;Afonso Florence;Afonso Florence;PT;PT;PT / PCdoB / PP / PSB / PSD / PL / PODE;130.548;;BAHIA
8;@DepAfonsoHamm;Afonso Hamm;Afonso Hamm;PP;PP;PSDB / PTB / Republicanos / REDE / PP;100.018;;RIO GRANDE DO SUL
9;@afonso_motta;Afonso Motta;Afonso Motta;PDT;PDT;PDT / PMB / PV;65.712;;RIO GRANDE DO SUL
10;@depaguinaldo11;Aguinaldo Ribeiro;Aguinaldo Ribeiro;PP;PP;PP / PTC / PHS / PPL;120.220;;PARAÍBA
11;@FaleiroAirton;Airton Faleiro;Airton Faleiro;PT;PT;PT / PCdoB;106.962;;PARÁ
12;–;AJ Albuquerque;AJ Albuquerque;PP;PP;PT / PCdoB / PP / PV / PL / PMN;132.307;;CEARÁ
13;@Alan_Rick;Alan Rick;Alan Rick;DEM;DEM;PP / PSDB / PSD / MDB / DEM / Solidariedade / PTC / PMN / PL / PTB / Cidadania;22.263;;ACRE
14;@Alceu_Moreira;Alceu Moreira;Alceu Moreira;MDB;MDB;MDB;100.341;;RIO GRANDE DO SUL
15;–;Alcides Rodrigues;Alcides Rodrigues;Patriota;Patriota;DEM / PROS / PRP / PDT / PSC / PODE;62.141;Eleito pelo PRP;GOIÁS
16;@oficialalesilva;Alê Silva;Alê Silva;PSL;PSL;PSL;47.662;Suspensa de atividade partidária;MINAS GERAIS
17;@AlencarBraga13;Alencar Santana;Alencar Santana;PT;PT;PT / PCdoB;67.892;;SÃO PAULO
18;@alessandromolon;Alessandro Molon;Alessandro Molon;PSB;PSB;PSB / PDT;227.914;;RIO DE JANEIRO
19;@AlexManentePPS;Alex Manente;Alex Manente;Cidadania;Cidadania;PSB / PSC / Cidadania / PTB;127.366;;SÃO PAULO
20;@depalexsantana;Alex Santana;Alex Santana;PDT;PDT;PDT;62.922;;BAHIA
21;@alefrotabrasil;Alexandre Frota;Alexandre Frota;PSDB;PSDB;PSL;155.522;Eleito pelo PSL;SÃO PAULO
22;@lexandreleite;Alexandre Leite;Alexandre Leite;DEM;DEM;PSDB / PSD / DEM / PP;116.416;;SÃO PAULO
23;@padilhando;Alexandre Padilha;Alexandre Padilha;PT;PT;PT / PCdoB;87.576;;SÃO PAULO
24;@AleSerfiotis;Alexandre Serfiotis;Alexandre Serfiotis;PSD;PSD;PSD;37.526;;RIO DE JANEIRO
25;@AlexisFonteyne;Alexis Fonteyne;Alexis Fonteyne;NOVO;NOVO;NOVO;45.298;;SÃO PAULO
26;@Alice_Portugal;Alice Portugal;Alice Portugal;PCdoB;PCdoB;PT / PCdoB / PP / PSB / PSD / PL / PODE;126.031;;BAHIA
27;@alielmachado;Aliel Machado;Aliel Machado;PSB;PSB;PP / PTB / DEM / PMN / PMB / PSB / PSDB / PROS;95.386;;PARANÁ
28;@dep_alinegurgel;Aline Gurgel;Aline Gurgel;Republicanos;Republicanos;Republicanos / PTB / DC / PTC / PRP;16.519;;AMAPÁ
29;@AlineSleutjes;Aline Sleutjes;Aline Sleutjes;PSL;PSL;PSL / PTC / Patriota;33.628;Suspensa por 1 ano de atividade partidária;PARANÁ
30;@Altineu;Altineu Côrtes;Altineu Côrtes;PL;PL;PODE / PL;55.367;;RIO DE JANEIRO
31;@AluisioMendesMA;Aluísio Mendes;Aluísio Mendes;PSC;PSC;PSDB / DC / PODE / REDE;105.188;Eleito pelo PODE;MARANHÃO
32;@amaronetotv;Amaro Neto;Amaro Neto;Republicanos;Republicanos;PL / Republicanos / PSL;181.813;;ESPÍRITO SANTO
33;–;André Abdon;André Abdon;PP;PP;DEM / PSDB / PP / PSC / PSD / Patriota;12.856;;AMAPÁ
34;–;André de Paula;André de Paula;PSD;PSD;PSB / PCdoB / MDB / PSD;118.641;;PERNAMBUCO
35;@aferreira2020;André Ferreira;André Ferreira;PSC;PSC;PTB / DEM / PSDB / PSC / Republicanos / PODE / Cidadania;175.834;;PERNAMBUCO
36;@andrepdt12;André Figueiredo;André Figueiredo;PDT;PDT;PDT / PTB / DEM / PSB / PRP / PPL;103.373;;CEARÁ
37;@DepAndreFufuca;André Fufuca;André Fufuca;PP;PP;Patriota / PDT / PP / PL;105.332;;MARANHÃO
38;@AndreJanonesAdv;André Janones;André Janones;Avante;Avante;Avante;177.457;;MINAS GERAIS
39;@DeputadaAngela;Ângela Amin;Ângela Amin;PP;PP;PSD / PP / PV;86.189;;SANTA CATARINA
40;@AntonioBrito_;Antonio Brito;Antonio Brito;PSD;PSD;PT / PCdoB / PP / PSB / PSD / PL / PODE;127.716;;BAHIA
41;@achinaglia;Arlindo Chinaglia;Arlindo Chinaglia;PT;PT;PT / PCdoB;87.449;;SÃO PAULO
42;@ArnaldoJardim;Arnaldo Jardim;Arnaldo Jardim;Cidadania;Cidadania;PSB / PSC / Cidadania / PTB;132.363;;SÃO PAULO
43;@aroldomartins;Aroldo Martins;Aroldo Martins;Republicanos;Republicanos;Republicanos / PHS / Avante;52.572;;PARANÁ
44;@ArthurLira_;Arthur Lira;Arthur Lira;PP;PP;PTC / PSDB / PP / PSB / PSC / PROS / Republicanos / DEM;143.858;;ALAGOAS
45;@DepArthurMaia;Arthur Maia;Arthur Maia;DEM;DEM;DEM / Republicanos / PV;88.908;;BAHIA
46;@assis_carvalho;Assis Carvalho;Assis Carvalho;PT;PT;MDB / PP / PTB / PCdoB / PL / PDT / PSD / PT;129.529;Falecido;PIAUÍ
47;–;Átila Lins;Átila Lins;PP;PP;PDT / PP / PV / PL / Solidariedade / PTB / PHS / PSL;118.700;;AMAZONAS
48;@deputadoatila;Átila Lira;Átila Lira;PP;PP;PSDB / PSB / DEM;54.095;Eleito pelo PSB;PIAUÍ
49;@dep_acoutinho;Augusto Coutinho;Augusto Coutinho;Solidariedade;Solidariedade;PP / PL / Solidariedade / PMN;77.817;;PERNAMBUCO
50;@aureacarolinax;Áurea Carolina;Áurea Carolina;PSOL;PSOL;PSOL / PCB;161.878;;MINAS GERAIS
51;@AureoRibeiroRJ;Aureo Ribeiro;Aureo Ribeiro;Solidariedade;Solidariedade;Solidariedade / PSDB / Cidadania;68.414;;RIO DE JANEIRO
52;–;Bacelar;Bacelar;PODE;PODE;PT / PCdoB / PP / PSB / PSD / PL / PODE;149.274;;BAHIA
53;@Baleia_Rossi;Baleia Rossi;Baleia Rossi;MDB;MDB;MDB;214.042;;SÃO PAULO
54;@dasilvabenedita;Benedita da Silva;Benedita da Silva;PT;PT;PT / PCdoB;44.804;;RIO DE JANEIRO
55;@benesleocadiorn;Benes Leocádio;Benes Leocádio;Republicanos;Republicanos;Republicanos / PTB / PL / Cidadania / PMB / PTC / PSDB / PSB / PSD / Avante / PROS;125.841;Eleito pelo PTC;RIO GRANDE DO NORTE
56;@BetoFaroPT;Beto Faro;Beto Faro;PT;PT;PT / PCdoB;143.789;;PARÁ
57;@betopereirams;Beto Pereira;Beto Pereira;PSDB;PSDB;PSDB / Patriota / PSD / PMB / DEM / PP;79.877;;MATO GROSSO DO SUL
58;@BetoRosado;Beto Rosado;Beto Rosado;PP;PP;PDT / PP / MDB;71.092;;RIO GRANDE DO NORTE
59;@Biakicis;Bia Kicis;Bia Kicis;PSL;PSL;PRP / PRTB;84.999;Suspensa de atividade partidária. Eleita pelo PRP;DISTRITO FEDERAL
60;@bibonunes1;Bibo Nunes;Bibo Nunes;PSL;PSL;DEM / PROS / PSL;91.664;Suspenso por 1 ano de atividade partidária;RIO GRANDE DO SUL
61;@bilac_pinto;Bilac Pinto;Bilac Pinto;DEM;DEM;PSDB / PSD / Solidariedade / Cidadania / DEM / PP;86.374;;MINAS GERAIS
62;@BiradoPindare;Bira do Pindaré;Bira do Pindaré;PSB;PSB;PCdoB / PTC / PSB / Republicanos / Avante / PROS / DEM / PPL / Cidadania / PTB / Solidariedade;99.209;;MARANHÃO
63;@BocaAbertaOf;Boca Aberta;Boca Aberta;PROS;PROS;PP / PTB / DEM / PMN / PMB / PSB / PSDB / PROS;90.158;;PARANÁ
64;@BohnGass;Bohn Gass;Bohn Gass;PT;PT;PT;102.964;;RIO GRANDE DO SUL
65;@BoscoCosta_SE;Bosco Costa;Bosco Costa;PL;PL;Republicanos / Cidadania / PSC / PL / PTC / PSDB / Solidariedade;47.788;;SERGIPE
66;@boscosaraiva;Bosco Saraiva;Bosco Saraiva;Solidariedade;Solidariedade;PDT / PP / PV / PL / Solidariedade / PTB / PHS / PSL;55.477;;AMAZONAS
67;@DepBrunaFurlan;Bruna Furlan;Bruna Furlan;PSDB;PSDB;PSDB / PSD / DEM / PP;126.847;;SÃO PAULO
68;@CacaLeao;Cacá Leão;Cacá Leão;PP;PP;PT / PCdoB / PP / PSB / PSD / PL / PODE;106.592;;BAHIA
69;@CamiloPSB;Camilo Capiberibe;Camilo Capiberibe;PSB;PSB;PT / PSB;24.987;;AMAPÁ
70;@capalbertoneto;Capitão Alberto Neto;Capitão Alberto Neto;Republicanos;Republicanos;PSD / Republicanos / DEM / PTC / PSDB;107.168;;AMAZONAS
71;@capitao_augusto;Capitão Augusto;Capitão Augusto;PL;PL;PL;242.327;;SÃO PAULO
72;@fabioabreuofc;Capitão Fábio Abreu;Capitão Fábio Abreu;PL;PL;MDB / PP / PTB / PCdoB / PL / PDT / PSD / PT;132.717;;PIAUÍ
73;@capitao_wagner;Capitão Wagner;Capitão Wagner;PROS;PROS;PROS;303.593;;CEARÁ
74;@CarlaZambelli17;Carla Zambelli;Carla Zambelli;PSL;PSL;PSL;76.306;Suspensa de atividade partidária;SÃO PAULO
75;@CarlosBezerraJr;Carlos Bezerra;Carlos Bezerra;MDB;MDB;DEM / PDT / PSD / MDB / PMB;59.155;;MATO GROSSO
76;@carloschiodini;Carlos Chiodini;Carlos Chiodini;MDB;MDB;MDB / PL;97.613;;SANTA CATARINA
77;@Carlos_Gaguim;Carlos Gomes;Carlos Gomes;Republicanos;Republicanos;PSDB / PTB / Republicanos / REDE / PP;103.373;;RIO GRANDE DO SUL
78;@carlosgomesdep;Carlos Henrique Gaguim;Carlos Henrique Gaguim;DEM;DEM;PHS / Avante / PROS / DEM / PTC / PP / Solidariedade / Patriota / Republicanos;48.012;;TOCANTINS
79;@carlosjordy;Carlos Jordy;Carlos Jordy;PSL;PSL;PSL;204.048;Suspenso por 1 ano de atividade partidária;RIO DE JANEIRO
80;@carlossampaio_;Carlos Sampaio;Carlos Sampaio;PSDB;PSDB;PSDB / PSD / DEM / PP;125.666;;SÃO PAULO
81;@carlosveraspt;Carlos Veras;Carlos Veras;PT;PT;PT;72.005;;PERNAMBUCO
82;@CarlosZarattini;Carlos Zarattini;Carlos Zarattini;PT;PT;PT / PCdoB;137.909;;SÃO PAULO
83;@carmenzanotto;Carmen Zanotto;Carmen Zanotto;Cidadania;Cidadania;PSDB / Cidadania / PTB / DC;84.692;;SANTA CATARINA
84;@CarolDeToni;Caroline de Toni;Caroline de Toni;PSL;PSL;PSL;109.363;Suspenso por 1 ano de atividade partidária;SANTA CATARINA
85;@Cassio_4011;Cássio Andrade;Cássio Andrade;PSB;PSB;PSDB / DEM / PSB / PDT / Solidariedade / Cidadania / PMN;130.767;;PARÁ
86;@celinaleao;Celina Leão;Celina Leão;PP;PP;MDB / PP / PSL / Avante;30.948;Assumiu a Secretaria de Esportes do Distrito Federal, substituída por Tadeu Filippelli (MDB);DISTRITO FEDERAL
87;@CelioMouraTO;Célio Moura;Célio Moura;PT;PT;PT / PCdoB / PV / PSD / REDE;18.167;;TOCANTINS
88;@csilveira4599;Célio Silveira;Célio Silveira;PSDB;PSDB;PSDB / PL / PSB / Cidadania / Solidariedade / PTB / PSD;68.468;;GOIÁS
89;@CelioStudart;Célio Studart;Célio Studart;PV;PV;PT / PCdoB / PP / PV / PL / PMN;208.852;;CEARÁ
90;@maldaner_celso;Celso Maldaner;Celso Maldaner;MDB;MDB;MDB / PL;80.086;;SANTA CATARINA
91;@celsorussomanno;Celso Russomanno;Celso Russomanno;Republicanos;Republicanos;Republicanos;521.728;;SÃO PAULO
92;@depcelsosabino;Celso Sabino;Celso Sabino;PSDB;PSDB;PSDB / DEM / PSB / PDT / Solidariedade / Cidadania / PMN;146.269;;PARÁ
93;@Czmadureira;Cezinha de Madureira;Cezinha de Madureira;PSD;PSD;PSDB / PSD / DEM / PP;119.024;;SÃO PAULO
94;@Charles_Federal;Charles Fernandes;Charles Fernandes;PSD;PSD;PT / PCdoB / PP / PSB / PSD / PL / PODE;74.116;;BAHIA
95;@charllesevg;Charlles Evangelista;Charlles Evangelista;PSL;PSL;PSL;51.565;;MINAS GERAIS
96;@chico_dangelo;Chico d'Ângelo;Chico d'Ângelo;PDT;PDT;PSB / PDT;26.417;;RIO DE JANEIRO
97;@BrazaoChiquinho;Chiquinho Brazão;Chiquinho Brazão;Avante;Avante;PMN / Avante;25.817;;RIO DE JANEIRO
98;@ToniettoChris;Chris Tonietto;Chris Tonietto;PSL;PSL;PSL;38.525;Suspensa de atividade partidária;RIO DE JANEIRO
99;@ChristianeYared;Christiane de Souza Yared;Christiane de Souza Yared;PL;PL;PSD / PSC / PL / Cidadania / PODE;107.636;;PARANÁ
100;@christinoaureo;Christino Áureo;Christino Áureo;PP;PP;DEM / MDB / PP / PTB;47.101;;RIO DE JANEIRO
101;@dep_clarissa;Clarissa Garotinho;Clarissa Garotinho;PROS;PROS;PSC / PROS;35.131;;RIO DE JANEIRO
102;@deputadocajado;Cláudio Cajado;Cláudio Cajado;PP;PP;PT / PCdoB / PP / PSB / PSD / PL / PODE;104.322;;BAHIA
103;@CleberVerde10;Cléber Verde;Cléber Verde;Republicanos;Republicanos;PCdoB / PTC / PSB / Republicanos / Avante / PROS / DEM / PPL / Cidadania / PTB / Solidariedade;101.179;;MARANHÃO
104;@dep_cel_armando;Coronel Armando;Coronel Armando;PSL;PSL;PSL;60.069;;SANTA CATARINA
105;–;Coronel Chrisóstomo;Coronel Chrisóstomo;PSL;PSL;PSL;28.344;;RONDÔNIA
106;@CoronelTadeu;Coronel Tadeu;Coronel Tadeu;PSL;PSL;PSL;98.373;;SÃO PAULO
107;@CovattiFilho;Covatti Filho;Covatti Filho;PP;PP;PSDB / PTB / Republicanos / REDE / PP;102.063;Assumiu a Secretaria de Agricultura do Rio Grande do Sul, substituído por Ronaldo Santini (PTB);RIO GRANDE DO SUL
108;–;Cristiano Vale;Cristiano Vale;PL;PL;MDB / PSD / PL / PP / PTB / PSC / PSL / Republicanos / PMB / PHS / PODE;176.799;;PARÁ
109;@dagobertopdt;Dagoberto Nogueira;Dagoberto Nogueira;PDT;PDT;PDT / Republicanos / PODE;39.571;;MATO GROSSO DO SUL
110;@Drdamiaof;Damião Feliciano;Damião Feliciano;PDT;PDT;PSB / PTB / Republicanos / PT / DEM / PDT / PCdoB / PODE;100.876;;PARAÍBA
111;@Daniel_PCdoB;Daniel Almeida;Daniel Almeida;PCdoB;PCdoB;PT / PCdoB / PP / PSB / PSD / PL / PODE;114.213;;BAHIA
112;@DanielCoelho23;Daniel Coelho;Daniel Coelho;Cidadania;Cidadania;PTB / DEM / PSDB / PSC / Republicanos / PODE / Cidadania;97.745;;PERNAMBUCO
113;@DFDanielFreitas;Daniel Freitas;Daniel Freitas;PSL;PSL;PSL;142.569;;SANTA CATARINA
114;@DanielPMERJ;Daniel Silveira;Daniel Silveira;PSL;PSL;PSL;31.789;Suspenso por 1 ano de atividade partidária;RIO DE JANEIRO
115;@TrzeciakDaniel;Daniel Trzeciak;Daniel Trzeciak;PSDB;PSDB;PSDB / PTB / Republicanos / REDE / PP;74.789;;RIO GRANDE DO SUL
116;@DanielaWaguinho;Daniela do Waguinho;Daniela do Waguinho;MDB;MDB;DEM / MDB / PP / PTB;136.286;;RIO DE JANEIRO
117;@danilo4010;Danilo Cabral;Danilo Cabral;PSB;PSB;PSB / PCdoB / MDB / PSD;91.635;;PERNAMBUCO
118;–;Danrlei de Deus Hinterholz;Danrlei de Deus Hinterholz;PSD;PSD;PSD / PSC / PMN / PRP / PTC;102.662;;RIO GRANDE DO SUL
119;@depdarcidematos;Darci de Matos;Darci de Matos;PSD;PSD;PSD / PP / PV;68.130;Licenciado do cargo, substituído por Nilson Stainsack (Progressistas);SANTA CATARINA
120;@davidmirandario;David Miranda;David Miranda;PSOL;PSOL;PSOL / PCB;17.356;1º suplente, assumiu com a renúncia de Jean Wyllys;RIO DE JANEIRO
121;@davidbrsoares;David Soares;David Soares;DEM;DEM;PSDB / PSD / DEM / PP;99.865;;SÃO PAULO
122;@DelegadoFurtado;Delegado Antônio Furtado;Delegado Antônio Furtado;PSL;PSL;PSL;104.211;;RIO DE JANEIRO
123;@EderMauroPA;Delegado Éder Mauro;Delegado Éder Mauro;PSD;PSD;MDB / PSD / PL / PP / PTB / PSC / PSL / Republicanos / PMB / PHS / PODE;145.653;;PARÁ
124;@DelegadoFreitas;Delegado Marcelo Freitas;Delegado Marcelo Freitas;PSL;PSL;PSL;57.408;;MINAS GERAIS
125;@DelegadoPablo_;Delegado Pablo Oliva;Delegado Pablo Oliva;PSL;PSL;PDT / PP / PV / PL / Solidariedade / PTB / PHS / PSL;151.649;;AMAZONAS
126;@delegado_waldir;Delegado Waldir;Delegado Waldir;PSL;PSL;PSL / DC;266.431;;GOIÁS
127;@denisbezerra;Denis Bezerra;Denis Bezerra;PSB;PSB;PDT / PTB / DEM / PSB / PRP / PPL;106.286;;CEARÁ
128;–;Diego Andrade;Diego Andrade;PSD;PSD;PSDB / PSD / Solidariedade / Cidadania / DEM / PP;103.571;;MINAS GERAIS
129;@diegogarciapr;Diego Garcia;Diego Garcia;PODE;PODE;PSD / PSC / PL / Cidadania / PODE;103.154;;PARANÁ
130;@depdimasfabiano;Dimas Fabiano;Dimas Fabiano;PP;PP;PSDB / PSD / Solidariedade / Cidadania / DEM / PP;74.056;;MINAS GERAIS
131;@depmarcon;Dionilso Marcon;Dionilso Marcon;PT;PT;PT;122.838;;RIO GRANDE DO SUL
132;@Domingos_Neto;Domingos Neto;Domingos Neto;PSD;PSD;MDB / PHS / Avante / Solidariedade / PSC / PSD / PODE / Republicanos;111.063;;CEARÁ
133;@DomingosSavioMG;Domingos Savio;Domingos Savio;PSDB;PSDB;PSDB / PSD / Solidariedade / Cidadania / DEM / PP;80.303;;MINAS GERAIS
134;@DrFredericoMG;Doutor Frederico;Doutor Frederico;Patriota;Patriota;Patriota / PTC / PMB;60.895;;MINAS GERAIS
135;@jaziel_dr;Dr. Jaziel;Dr. Jaziel;PL;PL;PT / PCdoB / PP / PV / PL / PMN;65.298;;CEARÁ
136;@DrLeonardomt;Dr. Leonardo;Dr. Leonardo;Solidariedade;Solidariedade;PSDB / Cidadania / PSB / SD;52.335;;MATO GROSSO
137;–;Dr. Luiz Antonio Teixeira Jr.;Dr. Luiz Antonio Teixeira Jr.;PP;PP;DEM / MDB / PP / PTB;103.745;;RIO DE JANEIRO
138;@drluizovando;Dr. Luiz Ovando;Dr. Luiz Ovando;PSL;PSL;Cidadania / PROS / Solidariedade / PSB / PTB / Avante / PSL / PMN;49.995;;MATO GROSSO DO SUL
139;@zachariascalil;Dr. Zacarias Calil;Dr. Zacarias Calil;DEM;DEM;DEM / PROS / PRP / PDT / PSC / PODE;147.400;;GOIÁS
140;@DraManato;Dra. Soraya Manato;Dra. Soraya Manato;PSL;PSL;PL / Republicanos / PSL;57.741;;ESPÍRITO SANTO
141;@dulcemiranda_to;Dulce Miranda;Dulce Miranda;MDB;MDB;PSB / PSDB / PL / PODE / MDB / PSC;40.719;;TOCANTINS
142;@EdilazioJunior_;Edilázio Júnior;Edilázio Júnior;PSD;PSD;MDB / PSC / PV / PSD / PRP / PMB;106.159;;MARANHÃO
143;@ediolopes;Édio Lopes;Édio Lopes;PL;PL;PL / PRTB;11.930;;RORAIMA
144;@EdmilsonPSOL;Edmilson Rodrigues;Edmilson Rodrigues;PSOL;PSOL;PSOL / PPL / PCB;184.042;;PARÁ
145;–;Edna Henrique;Edna Henrique;PSDB;PSDB;PV / PSDB / PSD / PSC / Solidariedade;69.935;;PARAÍBA
146;@eduardobarbosa_;Eduardo Barbosa;Eduardo Barbosa;PSDB;PSDB;PSDB / PSD / Solidariedade / Cidadania / DEM / PP;104.200;;MINAS GERAIS
147;@eduardobismarck;Eduardo Bismarck;Eduardo Bismarck;PDT;PDT;PDT / PTB / DEM / PSB / PRP / PPL;87.005;;CEARÁ
148;@BolsonaroSP;Eduardo Bolsonaro;Eduardo Bolsonaro;PSL;PSL;PSL;1.843.735;Suspenso de atividade partidária;SÃO PAULO
149;@EduardoBraide;Eduardo Braide;Eduardo Braide;PODE;PODE;PHS / PMN;189.692;Eleito pelo PMN;MARANHÃO
150;@eduardocosta14;Eduardo Costa;Eduardo Costa;PTB;PTB;MDB / PSD / PL / PP / PTB / PSC / PSL / Republicanos / PMB / PHS / PODE;75.346;;PARÁ
151;@Eduardo_Cury;Eduardo Cury;Eduardo Cury;PSDB;PSDB;PSDB / PSD / DEM / PP;94.282;;SÃO PAULO
152;@eduardodafonte;Eduardo da Fonte;Eduardo da Fonte;PP;PP;PP / PL / Solidariedade / PMN;113.640;;PERNAMBUCO
153;@efraimfilho;Efraim Filho;Efraim Filho;DEM;DEM;PSB / PTB / Republicanos / PT / DEM / PDT / PCdoB / PODE;76.089;;PARAÍBA
154;@elcionepmdb;Elcione Barbalho;Elcione Barbalho;MDB;MDB;MDB / PSD / PL / PP / PTB / PSC / PSL / Republicanos / PMB / PHS / PODE;165.201;;PARÁ
155;@elidiasborges;Eli Borges;Eli Borges;Solidariedade;Solidariedade;PHS / Avante / PROS / DEM / PTC / PP / Solidariedade / Patriota / Republicanos;48.812;;TOCANTINS
156;@Assessoria2577;Eli Corrêa Filho;Eli Corrêa Filho;DEM;DEM;PSDB / PSD / DEM / PP;92.257;;SÃO PAULO
157;@EliasVazGyn;Elias Vaz;Elias Vaz;PSB;PSB;PSDB / PL / PSB / Cidadania / Solidariedade / PTB / PSD;74.877;;GOIÁS
158;@ElmarNascimento;Elmar Nascimento;Elmar Nascimento;DEM;DEM;DEM / Republicanos / PV;103.823;;BAHIA
159;@emanuelzinhomt;Emanuel Pinheiro Neto;Emanuel Pinheiro Neto;PTB;PTB;Republicanos / PP / PTB / PT / PMN / PODE / PROS / PL;76.781;;MATO GROSSO
160;–;Emidinho Madeira;Emidinho Madeira;PSB;PSB;PT / PL / PSB / DC / PCdoB;103.428;;MINAS GERAIS
161;@enioverri;Enio Verri;Enio Verri;PT;PT;PT;62.169;;PARANÁ
162;@enricomisasi;Enrico Misasi;Enrico Misasi;PV;PV;PV;108.038;;SÃO PAULO
163;@erikakokay;Erika Kokay;Erika Kokay;PT;PT;PT;88.501;;DISTRITO FEDERAL
164;@erosbiondini;Eros Biondini;Eros Biondini;PROS;PROS;PROS;155.983;;MINAS GERAIS
165;@EuclydesPetter;Euclydes Pettersen;Euclydes Pettersen;PSC;PSC;PSC / PTB / PMN;60.726;;MINAS GERAIS
166;@EvairdeMelo;Evair Vieira de Melo;Evair Vieira de Melo;PP;PP;PP / PROS / Cidadania / PHS / PCdoB;48.412;;ESPÍRITO SANTO
167;@roman_evandro;Expedito Netto;Expedito Netto;PSD;PSD;PSDB / DEM / PSD / Republicanos / Patriota;39.953;;RONDÔNIA
168;@fabiofaria5555;Fábio Faria;Fábio Faria;PSD;PSD;Republicanos / PTB / PL / Cidadania / PMB / PTC / PSDB / PSB / PSD / Avante / PROS;70.350;Assumiu o Ministério das Comunicações, substituído por Carla Dickson (PROS);RIO GRANDE DO NORTE
169;@FabioHenriqueSE;Fábio Henrique;Fábio Henrique;PDT;PDT;PSB / PDT / PPL / PDT / PROS / PRP;35.226;;SERGIPE
170;@depfmitidieri;Fábio Mitidieri;Fábio Mitidieri;PSD;PSD;PP / MDB / DC / PCdoB / PSD / PT / PHS;102.899;;SERGIPE
171;@_FabinhoRamalho;Fábio Ramalho;Fábio Ramalho;MDB;MDB;PDT / PV / Republicanos / MDB;63.089;;MINAS GERAIS
172;@fabioreis1515;Fábio Reis;Fábio Reis;MDB;MDB;PP / MDB / DC / PCdoB / PSD / PT / PHS;64.879;;SERGIPE
173;@deputadofabiosc;Fabio Schiochet;Fabio Schiochet;PSL;PSL;PSL;87.345;;SANTA CATARINA
174;@f_trad;Fábio Trad;Fábio Trad;PSD;PSD;PSDB / Patriota / PSD / PMB / DEM / PP;88.823;;MATO GROSSO DO SUL
175;@Fausto_Pinato;Fausto Pinato;Fausto Pinato;PP;PP;PSDB / PSD / DEM / PP;118.684;;SÃO PAULO
176;@FederalFelicio;Felício Laterça;Felício Laterça;PSL;PSL;PSL;47.065;;RIO DE JANEIRO
177;@felipecarreras;Felipe Carreras;Felipe Carreras;PSB;PSB;PSB / PCdoB / MDB / PSD;114.268;;PERNAMBUCO
178;@FFrancischini_;Felipe Francischini;Felipe Francischini;PSL;PSL;PSL / PTC / Patriota;241.537;;PARANÁ
179;@rigoni_felipe;Felipe Rigoni;Felipe Rigoni;PSB;PSB;PSB / PV / PSC / Avante / PTC / PPL;84.405;;ESPÍRITO SANTO
180;@FelixMendoncaJr;Félix Mendonça Júnior;Félix Mendonça Júnior;PDT;PDT;PDT;91.913;;BAHIA
181;@fernandapsol;Fernanda Melchionna;Fernanda Melchionna;PSOL;PSOL;PSOL / PCB;114.302;;RIO GRANDE DO SUL
182;@fernandofilhope;Fernando Filho;Fernando Filho;DEM;DEM;PTB / DEM / PSDB / PSC / Republicanos / PODE / Cidadania;92.188;;PERNAMBUCO
183;@fernandogiacobo;Fernando Giacobo;Fernando Giacobo;PL;PL;PSD / PSC / PL / Cidadania / PODE;111.384;;PARANÁ
184;@fmonteiroPE;Fernando Monteiro;Fernando Monteiro;PP;PP;PP / PL / Solidariedade / PMN;82.071;;PERNAMBUCO
185;@depfernandor;Fernando Rodolfo;Fernando Rodolfo;PL;PL;PSL / PRTB / PHS / PV;52.824;Eleito pelo PHS;PERNAMBUCO
186;@filipebarrost;Filipe Barros;Filipe Barros;PSL;PSL;PSL / PTC / Patriota;75.326;Suspenso por 1 ano de atividade partidária;PARANÁ
187;@FlaviaArrudaDF;Flávia Arruda;Flávia Arruda;PL;PL;PSDB / PL / DEM;119.307;;DISTRITO FEDERAL
188;@depflaviamorais;Flávia Morais;Flávia Morais;PDT;PDT;DEM / PROS / PRP / PDT / PSC / PODE;149.966;;GOIÁS
189;@Flaviano_Melo;Flaviano Melo;Flaviano Melo;MDB;MDB;PP / PSDB / PSD / MDB / DEM / Solidariedade / PTC / PMN / PL / PTB / Cidadania;18.723;;ACRE
190;@flavionoguera;Flávio Nogueira;Flávio Nogueira;PDT;PDT;MDB / PP / PTB / PCdoB / PL / PDT / PSD / PT;111.665;;PIAUÍ
191;@Flordelismk;Flordelis;Flordelis;PSD;PSD;PSD;196.959;;RIO DE JANEIRO
192;@franciscojr_go;Francisco Júnior;Francisco Júnior;PSD;PSD;PSDB / PL / PSB / Cidadania / Solidariedade / PTB / PSD;107.089;;GOIÁS
193;@FrancoCartafina;Franco Cartafina;Franco Cartafina;PP;PP;PHS / PRP;53.378;Eleito pelo PHS;MINAS GERAIS
194;@FredCosta5133;Fred Costa;Fred Costa;Patriota;Patriota;Patriota / PTC / PMB;84.562;;MINAS GERAIS
195;@freianastaciopt;Frei Anastácio Ribeiro;Frei Anastácio Ribeiro;PT;PT;PSB / PTB / Republicanos / PT / DEM / PDT / PCdoB / PODE;91.408;;PARAÍBA
196;@GelsonAzevedoRJ;Gelson Azevedo;Gelson Azevedo;PL;PL;PHS;28.216;Eleito pelo PHS;RIO DE JANEIRO
197;@DepGenecias;Genecias Noronha;Genecias Noronha;Solidariedade;Solidariedade;MDB / PHS / Avante / Solidariedade / PSC / PSD / PODE / Republicanos;113.261;;CEARÁ
198;@GeneralGirao;General Girão;General Girão;PSL;PSL;Solidariedade / PSL / DC / PV / PSC;81.640;Suspenso por 1 ano de atividade partidária;RIO GRANDE DO NORTE
199;@GenPeternelli;General Peternelli;General Peternelli;PSL;PSL;PSL;74.190;;SÃO PAULO
200;@geninhozuliani;Geninho Zuliani;Geninho Zuliani;DEM;DEM;PSDB / PSD / DEM / PP;89.378;;SÃO PAULO
201;@geovaniadesa;Geovania de Sá;Geovania de Sá;PSDB;PSDB;PSDB / Cidadania / PTB / DC;101.937;;SANTA CATARINA
202;@gervasiomaia;Gervásio Maia;Gervásio Maia;PSB;PSB;PSB / PTB / Republicanos / PT / DEM / PDT / PCdoB / PODE;146.860;;PARAÍBA
203;@gilcutrim;Gil Cutrim;Gil Cutrim;PDT;PDT;Patriota / PDT / PP / PL;71.626;;MARANHÃO
204;@gilbertoabramo;Gilberto Abramo;Gilberto Abramo;Republicanos;Republicanos;PDT / PV / Republicanos / MDB;161.221;;MINAS GERAIS
205;@GilbertoPSC20;Gilberto Nascimento;Gilberto Nascimento;PSC;PSC;PSB / PSC / Cidadania / PTB;91.797;;SÃO PAULO
206;@DGildenemyr;Gildenemyr;Gildenemyr;PL;PL;PHS / PMN;47.635;Eleito pelo PMN;MARANHÃO
207;@gilsonmarques30;Gilson Marques;Gilson Marques;NOVO;NOVO;NOVO;27.443;;SANTA CATARINA
208;@giovanicherini;Giovani Cherini;Giovani Cherini;PL;PL;PSB / PL / Patriota;151.719;;RIO GRANDE DO SUL
209;@GiovaniFeltes;Giovani Feltes;Giovani Feltes;MDB;MDB;MDB;93.088;;RIO GRANDE DO SUL
210;@Glauber_Braga;Glauber Braga;Glauber Braga;PSOL;PSOL;PSOL / PCB;40.199;;RIO DE JANEIRO
211;@glaustinfokus;Glaustin Fokus;Glaustin Fokus;PSC;PSC;DEM / PROS / PRP / PDT / PSC / PODE;95.202;;GOIÁS
212;@gleisi;Gleisi Hoffmann;Gleisi Hoffmann;PT;PT;PT;212.513;;PARANÁ
213;–;Gonzaga Patriota;Gonzaga Patriota;PSB;PSB;PSB / PCdoB / MDB / PSD;80.498;;PERNAMBUCO
214;@greyceelias;Greyce Elias;Greyce Elias;Avante;Avante;Avante;37.501;;MINAS GERAIS
215;@zeguilherme_10;Guiga Peixoto;Guiga Peixoto;PSL;PSL;PSL;31.718;;SÃO PAULO
216;@capitaoderrite;Guilherme Derrite;Guilherme Derrite;PP;PP;PSDB / PSD / DEM / PP;119.034;;SÃO PAULO
217;@GuilhermeMussi;Guilherme Mussi;Guilherme Mussi;PP;PP;PSDB / PSD / DEM / PP;134.301;;SÃO PAULO
218;@GurgelSoares;Gurgel;Gurgel;PSL;PSL;PSL;62.089;;RIO DE JANEIRO
219;@gustavofruet;Gustavo Fruet;Gustavo Fruet;PDT;PDT;MDB / PDT / Solidariedade / PCdoB;113.252;;PARANÁ
220;@GustinhoRibeiro;Gustinho Ribeiro;Gustinho Ribeiro;Solidariedade;Solidariedade;Republicanos / Cidadania / PSC / PL / PTC / PSDB / Solidariedade;64.132;;SERGIPE
221;@guth_reis;Gutemberg Reis;Gutemberg Reis;MDB;MDB;DEM / MDB / PP / PTB;54.573;;RIO DE JANEIRO
222;@ze_haroldo;Haroldo Cathedral;Haroldo Cathedral;PSD;PSD;MDB / PSD / Solidariedade / DC;14.652;;RORAIMA
223;@HeitorFreireCE;Heitor Freire;Heitor Freire;PSL;PSL;DC / PSL;97.200;;CEARÁ
224;@HeitorSchuch;Heitor Schuch;Heitor Schuch;PSB;PSB;PSB / PL / Patriota;109.053;;RIO GRANDE DO SUL
225;@heldersalomao;Helder Salomão;Helder Salomão;PT;PT;PT;73.384;;ESPÍRITO SANTO
226;@HelioCosta15;Hélio Costa;Hélio Costa;Republicanos;Republicanos;Republicanos / PDT / PSC / DEM / PSB / PCdoB / Solidariedade;179.307;;SANTA CATARINA
227;@h_leite;Hélio Leite;Hélio Leite;DEM;DEM;PSDB / DEM / PSB / PDT / Solidariedade / Cidadania / PMN;102.491;;PARÁ
228;@depheliolopes;Hélio Lopes;Hélio Lopes;PSL;PSL;PSL;345.234;Suspenso por 1 ano de atividade partidária;RIO DE JANEIRO
229;@HenriqueFontana;Henrique Fontana;Henrique Fontana;PT;PT;PT;108.585;;RIO GRANDE DO SUL
230;@herciliodiniz;Hercílio Coelho Diniz;Hercílio Coelho Diniz;MDB;MDB;PDT / PV / Republicanos / MDB;117.328;;MINAS GERAIS
231;@herculanopassos;Herculano Passos;Herculano Passos;MDB;MDB;MDB;49.653;;SÃO PAULO
232;@HermesLaranja;Hermes Parcianello;Hermes Parcianello;MDB;MDB;MDB / PDT / Solidariedade / PCdoB;110.717;;PARANÁ
233;@hildorocha1513;Hildo Rocha;Hildo Rocha;MDB;MDB;MDB / PSC / PV / PSD / PRP / PMB;77.193;;MARANHÃO
234;@deputadohiran;Hiran Gonçalves;Hiran Gonçalves;PP;PP;PP / PDT / PCdoB / PODE;13.237;;RORAIMA
235;@depHugoLeal;Hugo Leal;Hugo Leal;PSD;PSD;PSD;63.561;;RIO DE JANEIRO
236;@HugoMottaPB;Hugo Motta;Hugo Motta;Republicanos;Republicanos;PSB / PTB / Republicanos / PT / DEM / PDT / PCdoB / PODE;92.468;;PARAÍBA
237;@IdilvanAlencar;Idilvan Alencar;Idilvan Alencar;PDT;PDT;PDT / PTB / DEM / PSB / PRP / PPL;154.325;;CEARÁ
238;@Igor_Kannario;Igor Kannário;Igor Kannário;DEM;DEM;PHS / Cidadania / PRTB / PSL;54.657;Eleito pelo PHS;BAHIA
239;@oficialigortimo;Igor Timo;Igor Timo;PODE;PODE;PODE;59.914;;MINAS GERAIS
240;@iracemaportela;Iracema Portela;Iracema Portela;PP;PP;MDB / PP / PTB / PCdoB / PL / PDT / PSD / PT;96.271;;PIAUÍ
241;@bulhoesjr;Isnaldo Bulhões;Isnaldo Bulhões;MDB;MDB;MDB / Cidadania / PDT / PL / PTB / PT / PRTB / PODE / PRP / PSD / PMN / Avante;71.847;;ALAGOAS
242;@IvanValente;Ivan Valente;Ivan Valente;PSOL;PSOL;PSOL / PCB;155.334;;SÃO PAULO
243;@jandira_feghali;Jandira Feghali;Jandira Feghali;PCdoB;PCdoB;PT / PCdoB;71.646;;RIO DE JANEIRO
244;@jqcassol;Jaqueline Cassol;Jaqueline Cassol;PP;PP;PDT / PSB / PDT / Solidariedade / PP / PL / DC / PTC / PT;34.193;;RONDÔNIA
245;@DepJefferson;Jefferson Campos;Jefferson Campos;PSB;PSB;PSB / PSC / Cidadania / PTB;99.974;;SÃO PAULO
246;@jeronimogoergen;Jerônimo Goergen;Jerônimo Goergen;PP;PP;PSDB / PTB / Republicanos / REDE / PP;89.707;;RIO GRANDE DO SUL
247;–;Jéssica Sales;Jéssica Sales;MDB;MDB;PP / PSDB / PSD / MDB / DEM / Solidariedade / PTC / PMN / PL / PTB / Cidadania;28.717;;ACRE
248;@jesussergioac;Jesus Sérgio;Jesus Sérgio;PDT;PDT;PDT;9.537;;ACRE
249;@JHC_40;JHC;JHC;PSB;PSB;PTC / PSDB / PP / PSB / PSC / PROS / Republicanos / DEM;178.645;;ALAGOAS
250;@DeputadoBacelar;João Bacelar;João Bacelar;PL;PL;PT / PCdoB / PP / PSB / PSD / PL / PODE;84.684;;BAHIA
251;@joaocamposdep;João Campos;João Campos;Republicanos;Republicanos;MDB / Republicanos / PP;102.111;;GOIÁS
252;@depjoaodanielpt;João Daniel;João Daniel;PT;PT;PP / MDB / DC / PCdoB / PSD / PT / PHS;59.933;;SERGIPE
253;@JoaoCampos;João Henrique Campos;João Henrique Campos;PSB;PSB;PSB / PCdoB / MDB / PSD;460.387;;PERNAMBUCO
254;@depjoaomaia;João Maia;João Maia;PL;PL;Republicanos / PTB / PL / Cidadania / PMB / PTC / PSDB / PSB / PSD / Avante / PROS;93.505;;RIO GRANDE DO NORTE
255;–;João Marcelo Souza;João Marcelo Souza;MDB;MDB;MDB / PSC / PV / PSD / PRP / PMB;67.019;;MARANHÃO
256;@joaoromaneto;João Roma;João Roma;Republicanos;Republicanos;DEM / Republicanos / PV;84.455;;BAHIA
257;@depjpassarinho;Joaquim Passarinho;Joaquim Passarinho;PSD;PSD;MDB / PSD / PL / PP / PTB / PSC / PSL / Republicanos / PMB / PHS / PODE;95.582;;PARÁ
258;@JoeniaWapichana;Joênia Wapichana;Joênia Wapichana;REDE;REDE;PTB / REDE / PV / PT;8.482;;RORAIMA
259;@jhonatan_djesus;Johnathan de Jesus;Johnathan de Jesus;Republicanos;Republicanos;PSL / Republicanos / PTC / PSC;13.380;;RORAIMA
260;@joicehasselmann;Joice Hasselmann;Joice Hasselmann;PSL;PSL;PSL;1.078.666;;SÃO PAULO
261;@Jorge_Braz;Jorge Braz;Jorge Braz;Republicanos;Republicanos;Republicanos;58.113;1º suplente, assumiu com a morte do titular Wagner Montes;RIO DE JANEIRO
262;@depjorgesolla;Jorge Solla;Jorge Solla;PT;PT;PT / PCdoB / PP / PSB / PSD / PL / PODE;135.657;;BAHIA
263;@JoseAirtonPT;José Airton;José Airton;PT;PT;PT / PCdoB / PP / PV / PL / PMN;74.099;;CEARÁ
264;@Schiavinato_;José Carlos Schiavinato;José Carlos Schiavinato;PP;PP;PP / PTB / DEM / PMN / PMB / PSB / PSDB / PROS;75.540;;PARANÁ
265;@guimaraes13PT;José Guimarães;José Guimarães;PT;PT;PT / PCdoB / PP / PV / PL / PMN;173.034;;CEARÁ
266;@JoseMedeirosMT;José Medeiros;José Medeiros;PODE;PODE;Republicanos / PP / PTB / PT / PMN / PODE / PROS / PL;82.528;;MATO GROSSO
267;@depjosenelto;José Nelto;José Nelto;PODE;PODE;DEM / PROS / PRP / PDT / PSC / PODE;61.809;;GOIÁS
268;@JoseNunesDep;José Nunes;José Nunes;PSD;PSD;PT / PCdoB / PP / PSB / PSD / PL / PODE;99.535;;BAHIA
269;@Priante15;José Priante;José Priante;MDB;MDB;MDB / PSD / PL / PP / PTB / PSC / PSL / Republicanos / PMB / PHS / PODE;154.647;;PARÁ
270;@ZeRicardoAM;José Ricardo;José Ricardo;PT;PT;PCdoB / PT;197.270;;AMAZONAS
271;@dep_joserocha;José Rocha;José Rocha;PL;PL;PT / PCdoB / PP / PSB / PSD / PL / PODE;83.222;;BAHIA
272;@josiasdavitoria;Josias da Vitória;Josias da Vitória;Cidadania;Cidadania;PP / PROS / Cidadania / PHS / PCdoB;74.787;;ESPÍRITO SANTO
273;@josiasgomesba;Josias Gomes;Josias Gomes;PT;PT;PT / PCdoB / PP / PSB / PSD / PL / PODE;115.571;Assumiu a Secretaria de Desenvolvimento Rural da Bahia, substituído por Paulo Magalhães (PSD);BAHIA
274;@josimarPL22;Josimar Maranhãozinho;Josimar Maranhãozinho;PL;PL;Patriota / PDT / PP / PL;194.671;;MARANHÃO
275;–;Juarez Costa;Juarez Costa;MDB;MDB;DEM / PDT / PSD / MDB / PMB;49.912;;MATO GROSSO
276;@LemosFederal;Julian Lemos;Julian Lemos;PSL;PSL;PSL / DC / PRTB;71.899;;PARAÍBA
277;@DepJulioCesarPI;Júlio Cesar;Júlio Cesar;PSD;PSD;MDB / PP / PTB / PCdoB / PL / PDT / PSD / PT;110.760;;PIAUÍ
278;@JulioCesarRib;Julio César Ribeiro;Julio César Ribeiro;Republicanos;Republicanos;Republicanos / PODE / Cidadania / Solidariedade / PSC / PSD;78.257;;DISTRITO FEDERAL
279;@depjuliodelgado;Júlio Delgado;Júlio Delgado;PSB;PSB;PT / PL / PSB / DC / PCdoB;58.291;;MINAS GERAIS
280;@JuninhodoPneu;Juninho do Pneu;Juninho do Pneu;DEM;DEM;DEM / MDB / PP / PTB;45.087;;RIO DE JANEIRO
281;@cabojunioamaral;Junio Amaral;Junio Amaral;PSL;PSL;PSL;156.604;Suspenso por 1 ano de atividade partidária;MINAS GERAIS
282;@bozzellajr;Junior Bozzella;Junior Bozzella;PSL;PSL;PSL;78.712;;SÃO PAULO
283;–;Júnior Ferrari;Júnior Ferrari;PSD;PSD;MDB / PSD / PL / PP / PTB / PSC / PSL / Republicanos / PMB / PHS / PODE;146.678;;PARÁ
284;–;Júnior Lourenço;Júnior Lourenço;PL;PL;Patriota / PDT / PP / PL;115.834;Licenciado do cargo, substituído por Paulo Marinho Júnior (PL);MARANHÃO
285;@JuniorManoDep;Júnior Mano;Júnior Mano;PL;PL;Cidadania / PRTB / Patriota;67.917;Eleito pelo Patriota;CEARÁ
286;@DepJuscelino;Juscelino Filho;Juscelino Filho;DEM;DEM;PCdoB / PTC / PSB / Republicanos / Avante / PROS / DEM / PPL / Cidadania / PTB / Solidariedade;95.837;;MARANHÃO
287;@kimpkat;Kim Kataguiri;Kim Kataguiri;DEM;DEM;PSDB / PSD / DEM / PP;465.310;;SÃO PAULO
288;@LaercioFederal;Laercio Oliveira;Laercio Oliveira;PP;PP;PP / MDB / DC / PCdoB / PSD / PT / PHS;68.014;;SERGIPE
289;@lafayetteandrad;Lafayette de Andrada;Lafayette de Andrada;Republicanos;Republicanos;PDT / PV / Republicanos / MDB;101.043;;MINAS GERAIS
290;@laurietecantora;Lauriete;Lauriete;PSC;PSC;PL / Republicanos / PSL;51.983;Eleita pelo PL;ESPÍRITO SANTO
291;@leandredaideal;Leandre Dal Ponte;Leandre Dal Ponte;PV;PV;PV;123.958;;PARANÁ
292;@LedaSadala;Leda Sadala;Leda Sadala;Avante;Avante;REDE / PPL / Avante / Solidariedade / PODE;11.301;;AMAPÁ
293;@Dep_LeoMoraes;Léo Moraes;Léo Moraes;PODE;PODE;MDB / PODE / PV;69.565;;RONDÔNIA
294;@leomotta_ofc;Léo Motta;Léo Motta;PSL;PSL;PSL;50.421;;MINAS GERAIS
295;@depleomonteiro;Leonardo Monteiro;Leonardo Monteiro;PT;PT;PT / PL / PSB / DC / PCdoB;65.760;;MINAS GERAIS
296;@joseleonidas;Leônidas Cristino;Leônidas Cristino;PDT;PDT;PDT / PTB / DEM / PSB / PRP / PPL;102.304;;CEARÁ
297;@LeurLomantoJr;Leur Lomanto Júnior;Leur Lomanto Júnior;DEM;DEM;DEM / Republicanos / PV;82.110;;BAHIA
298;@lidicedamata;Lídice da Mata;Lídice da Mata;PSB;PSB;PT / PCdoB / PP / PSB / PSD / PL / PODE;104.348;;BAHIA
299;@lincoln_portela;Lincoln Portela;Lincoln Portela;PL;PL;PT / PL / PSB / DC / PCdoB;104.628;;MINAS GERAIS
300;@LizianeBayer;Liziane Bayer;Liziane Bayer;PSB;PSB;PSB / PL / Patriota;52.977;;RIO GRANDE DO SUL
301;@LTrutis;Loester Trutis;Loester Trutis;PSL;PSL;Cidadania / PROS / Solidariedade / PSB / PTB / Avante / PSL / PMN;55.947;;MATO GROSSO DO SUL
302;@LourivalGomesrj;Lourival Gomes;Lourival Gomes;PSL;PSL;PSL;41.307;;RIO DE JANEIRO
303;@lucasvgonzalez;Lucas Gonzalez;Lucas Gonzalez;NOVO;NOVO;NOVO;63.740;;MINAS GERAIS
304;@LucasRedecker;Lucas Redecker;Lucas Redecker;PSDB;PSDB;PSDB / PTB / Republicanos / REDE / PP;114.346;;RIO GRANDE DO SUL
305;@VergilioLucas77;Lucas Vergílio;Lucas Vergílio;Solidariedade;Solidariedade;PSDB / PL / PSB / Cidadania / Solidariedade / PTB / PSD;78.431;;GOIÁS
306;@Bivar1717;Luciano Bivar;Luciano Bivar;PSL;PSL;PSL / PRTB / PHS / PV;117.943;;PERNAMBUCO
307;@LucianoDucci;Luciano Ducci;Luciano Ducci;PSB;PSB;PP / PTB / DEM / PMN / PMB / PSB / PSDB / PROS;98.214;;PARANÁ
308;@luciomosquini;Lucio Mosquini;Lucio Mosquini;MDB;MDB;MDB / PODE / PV;38.630;;RONDÔNIA
309;@LuisMirandaUSA1;Luis Miranda;Luis Miranda;DEM;DEM;PSDB / PL / DEM;64.042;;DISTRITO FEDERAL
310;@LuisTibeOficial;Luis Tibé;Luis Tibé;Avante;Avante;Avante;50.185;;MINAS GERAIS
311;@luisa_canziani;Luisa Canziani;Luisa Canziani;PTB;PTB;PP / PTB / DEM / PMN / PMB / PSB / PSDB / PROS;90.249;;PARANÁ
312;@drluizantoniojr;Luiz Antônio Corrêa;Luiz Antônio Corrêa;PL;PL;PV / DC;50.284;Eleito pelo DC;RIO DE JANEIRO
313;@DepLuizCarlos;Luiz Carlos;Luiz Carlos;PSDB;PSDB;DEM / PSDB / PP / PSC / PSD / Patriota;14.069;;AMAPÁ
314;@lcm_motta;Luiz Carlos Motta;Luiz Carlos Motta;PL;PL;PL;75.218;;SÃO PAULO
315;@professorLFG;Luiz Flávio Gomes;Luiz Flávio Gomes;PSB;PSB;PSB / PSC / Cidadania / PTB;86.433;Falecido;SÃO PAULO
316;@luizlaurofilho;Luiz Lauro Filho;Luiz Lauro Filho;PSDB;PSDB;PSB / PSC / Cidadania / PTB;86.433;Falecido;SÃO PAULO
317;@Oficialluizlima;Luiz Lima;Luiz Lima;PSL;PSL;PSL;115.119;;RIO DE JANEIRO
318;@LuizNishimori;Luiz Nishimori;Luiz Nishimori;PL;PL;PSD / PSC / PL / Cidadania / PODE;73.344;;PARANÁ
319;@lpbragancabr;Luiz Philippe de Orléans e Bragança;Luiz Philippe de Orléans e Bragança;PSL;PSL;PSL;118.457;;SÃO PAULO
320;@luizaerundina;Luiza Erundina;Luiza Erundina;PSOL;PSOL;PSOL / PCB;176.883;;SÃO PAULO
321;@luizaogoulart;Luizão Goulart;Luizão Goulart;Republicanos;Republicanos;Republicanos / PHS / Avante;141.730;;PARANÁ
322;@Luizianne13PT;Luizianne Lins;Luizianne Lins;PT;PT;PT / PCdoB / PP / PV / PL / PMN;173.765;;CEARÁ
323;@Magdamofatto;Magda Mofatto;Magda Mofatto;PL;PL;PSDB / PL / PSB / Cidadania / Solidariedade / PTB / PSD;83.420;;GOIÁS
324;@majorfabianadep;Major Fabiana;Major Fabiana;PSL;PSL;PSL;57.611;;RIO DE JANEIRO
325;@PrManuelMarcos;Manuel Marcos;Manuel Marcos;Republicanos;Republicanos;PSOL / PV / PPL / PRP / Republicanos / PODE / PROS / PMB;7.489;;ACRE
326;@mararocha4545;Mara Rocha;Mara Rocha;PSDB;PSDB;PP / PSDB / PSD / MDB / DEM / Solidariedade / PTC / PMN / PL / PTB / Cidadania;40.047;;ACRE
327;@marcelvanhattem;Marcel van Hattem;Marcel van Hattem;NOVO;NOVO;NOVO;349.855;;RIO GRANDE DO SUL
328;@Marceloalvaroan;Marcelo Álvaro Antônio;Marcelo Álvaro Antônio;PSL;PSL;PSL;228.227;Assumiu o Ministério do Turismo, substituído por Eneias Reis (PSL);MINAS GERAIS
329;@marceloaro;Marcelo Aro;Marcelo Aro;PP;PP;PHS / PRP;102.678;Eleito pelo PHS;MINAS GERAIS
330;@caleromarcelo;Marcelo Calero;Marcelo Calero;Cidadania;Cidadania;Solidariedade / PSDB / Cidadania;50.533;;RIO DE JANEIRO
331;@MarceloFreixo;Marcelo Freixo;Marcelo Freixo;PSOL;PSOL;PSOL / PCB;342.491;;RIO DE JANEIRO
332;–;Marcelo Moraes;Marcelo Moraes;PTB;PTB;PSDB / PTB / Republicanos / REDE / PP;69.904;;RIO GRANDE DO SUL
333;@depmarcelonilo;Marcelo Nilo;Marcelo Nilo;PSB;PSB;PT / PCdoB / PP / PSB / PSD / PL / PODE;115.277;;BAHIA
334;@marceloramosam;Marcelo Ramos;Marcelo Ramos;PL;PL;PDT / PP / PV / PL / Solidariedade / PTB / PHS / PSL;106.805;;AMAZONAS
335;@AlvinoMarcio;Márcio Alvino;Márcio Alvino;PL;PL;PL;135.844;;SÃO PAULO
336;@marciobiolchi;Márcio Biolchi;Márcio Biolchi;MDB;MDB;MDB;100.362;;RIO GRANDE DO SUL
337;@marciojerry;Márcio Jerry;Márcio Jerry;PCdoB;PCdoB;PCdoB / PTC / PSB / Republicanos / Avante / PROS / DEM / PPL / Cidadania / PTB / Solidariedade;134.106;;MARANHÃO
338;@marciolabre;Márcio Labre;Márcio Labre;PSL;PSL;PSL;46.934;Suspenso por 1 ano de atividade partidária;RIO DE JANEIRO
339;@dpmarciomarinho;Márcio Marinho;Márcio Marinho;Republicanos;Republicanos;DEM / Republicanos / PV;94.905;;BAHIA
340;@MarcoBertaiolli;Marco Bertaiolli;Marco Bertaiolli;PSD;PSD;PSDB / PSD / DEM / PP;137.628;;SÃO PAULO
341;@MarcosA_Sampaio;Marcos Aurélio Sampaio;Marcos Aurélio Sampaio;MDB;MDB;MDB / PP / PTB / PCdoB / PL / PDT / PSD / PT;73.295;;PIAUÍ
342;@marcospereira04;Marcos Pereira;Marcos Pereira;Republicanos;Republicanos;Republicanos;139.165;;SÃO PAULO
343;@MargaretCoelho;Margarete Coelho;Margarete Coelho;PP;PP;MDB / PP / PTB / PCdoB / PL / PDT / PSD / PT;76.246;;PIAUÍ
344;@JFMargarida;Margarida Salomão;Margarida Salomão;PT;PT;PT / PL / PSB / DC / PCdoB;89.315;;MINAS GERAIS
345;@mariadorosario;Maria do Rosário;Maria do Rosário;PT;PT;PT;97.303;;RIO GRANDE DO SUL
346;@mariarosassp;Maria Rosas;Maria Rosas;Republicanos;Republicanos;Republicanos;71.745;;SÃO PAULO
347;@DeputadaMariana;Mariana Carvalho;Mariana Carvalho;PSDB;PSDB;PSDB / DEM / PSD / Republicanos / Patriota;38.776;;RONDÔNIA
348;@MariliaArraes;Marília Arraes;Marília Arraes;PT;PT;PT;193.108;;PERNAMBUCO
349;–;Marina Santos;Marina Santos;Solidariedade;Solidariedade;PMN / Republicanos / Solidariedade / PPL / PTC;70.828;Eleita pelo PTC;PIAUÍ
350;@mario_heringer;Mário Heringer;Mário Heringer;PDT;PDT;PDT / PV / Republicanos / MDB;87.417;;MINAS GERAIS
351;@depnegromontejr;Mário Negromonte Júnior;Mário Negromonte Júnior;PP;PP;PT / PCdoB / PP / PSB / PSD / PL / PODE;102.512;;BAHIA
352;@deputado_marlon;Marlon Santos;Marlon Santos;PDT;PDT;PDT / PMB / PV;116.483;;RIO GRANDE DO SUL
353;@depmarrecafilho;Marreca Filho;Marreca Filho;Patriota;Patriota;Patriota / PDT / PP / PL;79.467;;MARANHÃO
354;@marxbeltrao;Marx Beltrão;Marx Beltrão;PSD;PSD;MDB / Cidadania / PDT / PL / PTB / PT / PRTB / PODE / PRP / PSD / PMN / Avante;139.458;;ALAGOAS
355;@mauricioptbrs;Maurício Dziedricki;Maurício Dziedricki;PTB;PTB;PSDB / PTB / Republicanos / REDE / PP;83.617;;RIO GRANDE DO SUL
356;@mauro_bfilho;Mauro Benevides Filho;Mauro Benevides Filho;PDT;PDT;PDT / PTB / DEM / PSB / PRP / PPL;157.427;;CEARÁ
357;@depmaurolopes;Mauro Lopes;Mauro Lopes;MDB;MDB;PDT / PV / Republicanos / MDB;58.243;;MINAS GERAIS
358;@drmauronazif;Mauro Nazif;Mauro Nazif;PSB;PSB;PDT / PSB / PDT / Solidariedade / PP / PL / DC / PTC / PT;30.399;;RONDÔNIA
359;@MerlongSolano;Merlong Solano;Merlong Solano;PT;PT;MDB / PP / PTB / PCdoB / PL / PDT / PSD / PT;129.529;1º suplente, assumiu com a morte do titular Assis Carvalho;PIAUÍ
360;@Dmiguellombardi;Miguel Lombardi;Miguel Lombardi;PL;PL;PL;93.093;;SÃO PAULO
361;@MiltonVieiraOfc;Milton Vieira;Milton Vieira;Republicanos;Republicanos;Republicanos;77.413;;SÃO PAULO
362;@Lael_Varella;Misael Varella;Misael Varella;PSD;PSD;PSDB / PSD / Solidariedade / Cidadania / DEM / PP;126.683;;MINAS GERAIS
363;@DepFederalMoses;Moses Rodrigues;Moses Rodrigues;MDB;MDB;MDB / PHS / Avante / Solidariedade / PSC / PSD / PODE / Republicanos;128.493;;CEARÁ
364;@natbonavides;Natália Bonavides;Natália Bonavides;PT;PT;PT / PCdoB / PHS;112.998;;RIO GRANDE DO NORTE
365;@nelsonbarbudo;Nelson Barbudo;Nelson Barbudo;PSL;PSL;PSL / Patriota / PRP;126.249;;MATO GROSSO
366;@nelsonpelegrino;Nelson Pelegrino;Nelson Pelegrino;PT;PT;PT / PCdoB / PP / PSB / PSD / PL / PODE;101.476;;BAHIA
367;@nereucrispim;Nereu Crispim;Nereu Crispim;PSL;PSL;DEM / PROS / PSL;32.200;;RIO GRANDE DO SUL
368;@NeriGeller;Neri Geller;Neri Geller;PP;PP;Republicanos / PP / PTB / PT / PMN / PODE / PROS / PL;73.072;;MATO GROSSO
369;@newton1510;Newton Cardoso Júnior;Newton Cardoso Júnior;MDB;MDB;PDT / PV / Republicanos / MDB;69.208;;MINAS GERAIS
370;@neyleprevost;Ney Leprevost;Ney Leprevost;PSD;PSD;PSD / PSC / PL / Cidadania / PODE;92.399;;PARANÁ
371;@depnicoletti;Nicoletti;Nicoletti;PSL;PSL;PSL / Republicanos / PTC / PSC;12.884;;RORAIMA
372;@DepNilsonPinto;Nilson Pinto;Nilson Pinto;PSDB;PSDB;PSDB / DEM / PSB / PDT / Solidariedade / Cidadania / PMN;148.971;;PARÁ
373;@NiltoTatto;Nilto Tatto;Nilto Tatto;PT;PT;PT / PCdoB;124.281;;SÃO PAULO
374;@NivaldoAlbuque;Nivaldo Albuquerque;Nivaldo Albuquerque;PTB;PTB;MDB / Cidadania / PDT / PL / PTB / PT / PRTB / PODE / PRP / PSD / PMN / Avante;84.956;;ALAGOAS
375;–;Norma Ayub;Norma Ayub;DEM;DEM;PDT / DEM / PSD / PSDB / PRP / SD;57.156;;ESPÍRITO SANTO
376;@odaircunhamg;Odair Cunha;Odair Cunha;PT;PT;PT / PL / PSB / DC / PCdoB;87.780;;MINAS GERAIS
377;@OLIVALMARQUES;Olival Marques;Olival Marques;DEM;DEM;PSDB / DEM / PSB / PDT / Solidariedade / Cidadania / PMN;135.359;;PARÁ
378;@onyxlorenzoni;Onyx Lorenzoni;Onyx Lorenzoni;DEM;DEM;DEM / PROS / PSL;183.518;Assumiu o Ministério da Cidadania, substituído por Marcelo Brum (PSL);RIO GRANDE DO SUL
379;@orlandosilva;Orlando Silva;Orlando Silva;PCdoB;PCdoB;PT / PCdoB;64.822;;SÃO PAULO
380;@OrDamaso;Osires Damaso;Osires Damaso;PSC;PSC;PSB / PSDB / PL / PODE / MDB / PSC;58.726;;TOCANTINS
381;@OsmarTerra;Osmar Terra;Osmar Terra;MDB;MDB;MDB;86.305;;RIO GRANDE DO SUL
382;@Ossesio_Silva;Ossesio Silva;Ossesio Silva;Republicanos;Republicanos;PTB / DEM / PSDB / PSC / Republicanos / PODE / Cidadania;65.939;;PERNAMBUCO
383;–;Otaci Nascimento;Otaci Nascimento;Solidariedade;Solidariedade;MDB / PSD / Solidariedade / DC;11.847;;RORAIMA
384;@OtoniDepFederal;Otoni de Paula;Otoni de Paula;PSC;PSC;PSC / PROS;120.498;;RIO DE JANEIRO
385;@ottoalencar;Otto Alencar Filho;Otto Alencar Filho;PSD;PSD;PT / PCdoB / PP / PSB / PSD / PL / PODE;185.428;;BAHIA
386;@dep_padrejoao;Padre João;Padre João;PT;PT;PT / PL / PSB / DC / PCdoB;131.228;;MINAS GERAIS
387;@AbilioSantana_;Pastor Abílio Santana;Pastor Abílio Santana;PL;PL;PHS / Cidadania / PRTB / PSL;49.932;Eleito pelo PHS;BAHIA
388;@DEPPASTOREURICO;Pastor Eurico;Pastor Eurico;Patriota;Patriota;Patriota;125.025;;PERNAMBUCO
389;@marcofeliciano;Pastor Marco Feliciano;Pastor Marco Feliciano;Republicanos;Republicanos;PMB / PHS / PODE;239.784;Eleito pelo PODE;SÃO PAULO
390;@prisidorio;Pastor Sargento Isidório;Pastor Sargento Isidório;Avante;Avante;Avante / PROS;323.264;;BAHIA
391;@Patrus_Ananias;Patrus Ananias;Patrus Ananias;PT;PT;PT / PL / PSB / DC / PCdoB;112.082;;MINAS GERAIS
392;@paulambelmonte;Paula Belmonte;Paula Belmonte;Cidadania;Cidadania;Republicanos / PODE / Cidadania / Solidariedade / PSC / PSD;45.287;;DISTRITO FEDERAL
393;@paulaodopt;Paulão;Paulão;PT;PT;MDB / Cidadania / PDT / PL / PTB / PT / PRTB / PODE / PRP / PSD / PMN / Avante;60.900;;ALAGOAS
394;@dep_paulinho;Paulinho da Força;Paulinho da Força;Solidariedade;Solidariedade;Solidariedade;75.613;;SÃO PAULO
395;@pauloabiackel;Paulo Abi-Ackel;Paulo Abi-Ackel;PSDB;PSDB;PSDB / PSD / Solidariedade / Cidadania / DEM / PP;75.379;;MINAS GERAIS
396;@PauloAzi;Paulo Azi;Paulo Azi;DEM;DEM;DEM / Republicanos / PV;84.090;;BAHIA
397;@PauloBengtson;Paulo Bengtson;Paulo Bengtson;PTB;PTB;MDB / PSD / PL / PP / PTB / PSC / PSL / Republicanos / PMB / PHS / PODE;96.707;;PARÁ
398;@PauloMartins10;Paulo Eduardo Martins;Paulo Eduardo Martins;PSC;PSC;PSD / PSC / PL / Cidadania / PODE;118.754;;PARANÁ
399;@DeputadoFoletto;Paulo Foletto;Paulo Foletto;PSB;PSB;PSB / PV / PSC / Avante / PTC / PPL;55.957;Assumiu a Secretaria de Agricultura do Espírito Santo, substituído por Ted Conti (PSB);ESPÍRITO SANTO
400;@DF_PauloFreire;Paulo Freire Costa;Paulo Freire Costa;PL;PL;PL;109.461;;SÃO PAULO
401;@pauloganime;Paulo Ganime;Paulo Ganime;NOVO;NOVO;NOVO;52.983;;RIO DE JANEIRO
402;@deppauloguedes;Paulo Guedes;Paulo Guedes;PT;PT;PT / PL / PSB / DC / PCdoB;168.922;;MINAS GERAIS
403;@DeputadoFederal;Paulo Pimenta;Paulo Pimenta;PT;PT;PT;133.086;;RIO GRANDE DO SUL
404;@pauloramosdep;Paulo Ramos;Paulo Ramos;PDT;PDT;PSB / PDT;25.557;;RIO DE JANEIRO
405;@pauloteixeira13;Paulo Teixeira;Paulo Teixeira;PT;PT;PT / PCdoB;78.512;;SÃO PAULO
406;@PedroABezerra;Pedro Bezerra;Pedro Bezerra;PTB;PTB;PDT / PTB / DEM / PSB / PRP / PPL;119.030;;CEARÁ
407;@pedroocl;Pedro Cunha Lima;Pedro Cunha Lima;PSDB;PSDB;PV / PSDB / PSD / PSC / Solidariedade;76.754;;PARAÍBA
408;@depPedroLucasF;Pedro Lucas Fernandes;Pedro Lucas Fernandes;PTB;PTB;PCdoB / PTC / PSB / Republicanos / Avante / PROS / DEM / PPL / Cidadania / PTB / Solidariedade;109.398;;MARANHÃO
409;@Dep_PedroLupion;Pedro Lupion;Pedro Lupion;DEM;DEM;PP / PTB / DEM / PMN / PMB / PSB / PSDB / PROS;92.300;;PARANÁ
410;@pedropaulo;Pedro Paulo;Pedro Paulo;DEM;DEM;DEM / MDB / PP / PTB;56.646;;RIO DE JANEIRO
411;@uczai;Pedro Uzcai;Pedro Uzcai;PT;PT;PT;114.743;;SANTA CATARINA
412;@pedrowestphalen;Pedro Westphalen;Pedro Westphalen;PP;PP;PSDB / PTB / Republicanos / REDE / PP;97.163;;RIO GRANDE DO SUL
413;@perpetua_acre;Perpétua Almeida;Perpétua Almeida;PCdoB;PCdoB;PT / PSB / PHS / PCdoB / DC;18.374;;ACRE
414;@pinheirinhomg;Pinheirinho;Pinheirinho;PP;PP;PSDB / PSD / Solidariedade / Cidadania / DEM / PP;95.901;;MINAS GERAIS
415;@KatiaSastre;Policial Katia Sastre;Policial Katia Sastre;PL;PL;PL;264.013;;SÃO PAULO
416;@PompeodeMattos;Pompeo de Mattos;Pompeo de Mattos;PDT;PDT;PDT / PMB / PV;80.427;;RIO GRANDE DO SUL
417;@deppimentel;Profª Dayane Pimentel;Profª Dayane Pimentel;PSL;PSL;PHS / Cidadania / PRTB / PSL;136.742;;BAHIA
418;@marcivania65;Profª Marcivânia Flexa;Profª Marcivânia Flexa;PCdoB;PCdoB;PDT / PCdoB / MDB / PROS;14.196;;AMAPÁ
419;@profalcids;Professor Alcides;Professor Alcides;PP;PP;MDB / Republicanos / PP;81.697;;GOIÁS
420;@ProfIsrael;Professor Israel Batista;Professor Israel Batista;PV;PV;PSB / PV / PCdoB / PDT / REDE;66.487;;DISTRITO FEDERAL
421;@professorjoziel;Professor Joziel;Professor Joziel;PSL;PSL;PSL;34.274;;RIO DE JANEIRO
422;@profdorinha;Professora Dorinha;Professora Dorinha;DEM;DEM;PHS / Avante / PROS / DEM / PTC / PP / Solidariedade / Patriota / Republicanos;48.008;;TOCANTINS
423;@prof_rosaneide;Professora Rosa Neide;Professora Rosa Neide;PT;PT;Republicanos / PP / PTB / PT / PMN / PODE / PROS / PL;51.015;;MATO GROSSO
424;@RafaelMottaRN;Rafael Motta;Rafael Motta;PSB;PSB;Republicanos / PTB / PL / Cidadania / PMB / PTC / PSDB / PSB / PSD / Avante / PROS;82.791;;RIO GRANDE DO NORTE
425;@raimundocostaba;Raimundo Costa;Raimundo Costa;PL;PL;PMN / PTC / PRP / PMB;37.336;Eleito pelo PRP;BAHIA
426;@RaulHenry;Raul Henry;Raul Henry;MDB;MDB;PSB / PCdoB / MDB / PSD;87.585;;PERNAMBUCO
427;@ReginaldoLopes;Reginaldo Lopes;Reginaldo Lopes;PT;PT;PT / PL / PSB / DC / PCdoB;185.922;;MINAS GERAIS
428;@rejane_dias;Rejane Dias;Rejane Dias;PT;PT;MDB / PP / PTB / PCdoB / PL / PDT / PSD / PT;138.697;;PIAUÍ
429;@RenataAbreu1919;Renata Abreu;Renata Abreu;PODE;PODE;PMB / PHS / PODE;161.239;;SÃO PAULO
430;@renildo;Renildo Calheiros;Renildo Calheiros;PCdoB;PCdoB;PSB / PCdoB / MDB / PSD;57.919;;PERNAMBUCO
431;@RicardoBarrosPP;Ricardo Barros;Ricardo Barros;PP;PP;PP / PTB / DEM / PMN / PMB / PSB / PSDB / PROS;80.025;;PARANÁ
432;@ricardozguidi;Ricardo Guidi;Ricardo Guidi;PSD;PSD;PSD / PP / PV;61.830;;SANTA CATARINA
433;@RicardoIzar;Ricardo Izar;Ricardo Izar;PP;PP;PSDB / PSD / DEM / PP;121.869;;SÃO PAULO
434;@RicardoSilvaRP;Ricardo Silva;Ricardo Silva;PSB;PSB;PSB / PSC / Cidadania / PTB;86.433;2º suplente, assumiu com a morte do titular Luiz Flávio Gomes e 1º suplente Luiz Lauro Filho;SÃO PAULO
435;@PSDBricardo45;Ricardo Teobaldo;Ricardo Teobaldo;PODE;PODE;PTB / DEM / PSDB / PSC / Republicanos / PODE / Cidadania;73.551;;PERNAMBUCO
436;–;Robério Monteiro;Robério Monteiro;PDT;PDT;PDT / PTB / DEM / PSB / PRP / PPL;131.234;;CEARÁ
437;@RobertoAlvesPRB;Roberto Alves;Roberto Alves;Republicanos;Republicanos;Republicanos;82.097;;SÃO PAULO
438;@robertodelucena;Roberto de Lucena;Roberto de Lucena;PODE;PODE;PMB / PHS / PODE;56.033;;SÃO PAULO
439;@RobertoPessoaCE;Roberto Pessoa;Roberto Pessoa;PSDB;PSDB;PSDB;102.470;;CEARÁ
440;@rodrigoagost;Rodrigo Agostinho;Rodrigo Agostinho;PSB;PSB;PSB / PSC / Cidadania / PTB;100.179;;SÃO PAULO
441;@coelho_rodrigo;Rodrigo Coelho;Rodrigo Coelho;PSB;PSB;Republicanos / PDT / PSC / DEM / PSB / PCdoB / Solidariedade;43.314;;SANTA CATARINA
442;@RodrigoCastro45;Rodrigo de Castro;Rodrigo de Castro;PSDB;PSDB;PSDB / PSD / Solidariedade / Cidadania / DEM / PP;126.653;;MINAS GERAIS
443;@RodrigoMaia;Rodrigo Maia;Rodrigo Maia;DEM;DEM;DEM / MDB / PP / PTB;74.232;;RIO DE JANEIRO
444;@RogerioCorreia_;Rogério Correia;Rogério Correia;PT;PT;PT / PL / PSB / DC / PCdoB;131.512;;MINAS GERAIS
445;@deputadopeninha;Rogério Peninha;Rogério Peninha;MDB;MDB;MDB / PL;76.925;;SANTA CATARINA
446;@ronaldocarletto;Ronaldo Carletto;Ronaldo Carletto;PP;PP;PT / PCdoB / PP / PSB / PSD / PL / PODE;118.097;;BAHIA
447;@DepRosanaValle;Rosana Valle;Rosana Valle;PSB;PSB;PSB / PSC / Cidadania / PTB;106.100;;SÃO PAULO
448;@rosangelasgomes;Rosângela Gomes;Rosângela Gomes;Republicanos;Republicanos;Republicanos;63.952;;RIO DE JANEIRO
449;@rosemodestoms;Rose Modesto;Rose Modesto;PSDB;PSDB;PSDB / Patriota / PSD / PMB / DEM / PP;119.799;;MATO GROSSO DO SUL
450;@23rubensbueno;Rubens Bueno;Rubens Bueno;Cidadania;Cidadania;PSD / PSC / PL / Cidadania / PODE;76.471;;PARANÁ
451;@rubenspereirajr;Rubens Júnior;Rubens Júnior;PCdoB;PCdoB;PCdoB / PTC / PSB / Republicanos / Avante / PROS / DEM / PPL / Cidadania / PTB / Solidariedade;111.570;Assumiu a Secretaria da Agricultura do Maranhão, substituído por Gastão Vieira (PROS);MARANHÃO
452;@RubensOtoni;Rubens Otoni;Rubens Otoni;PT;PT;PT / PCdoB;79.011;;GOIÁS
453;@rfalcao13;Rui Falcão;Rui Falcão;PT;PT;PT / PCdoB;158.389;;SÃO PAULO
454;@depruycarneiro;Ruy Carneiro;Ruy Carneiro;PSDB;PSDB;PV / PSDB / PSD / PSC / Solidariedade;61.259;;PARAÍBA
455;@samiabomfim;Sâmia Bomfim;Sâmia Bomfim;PSOL;PSOL;PSOL / PCB;249.887;;SÃO PAULO
456;@samuelmoreira;Samuel Moreira;Samuel Moreira;PSDB;PSDB;PSDB / PSD / DEM / PP;103.215;;SÃO PAULO
457;@DepSanderson;Sanderson;Sanderson;PSL;PSL;DEM / PROS / PSL;88.559;Suspenso por 1 ano de atividade partidária;RIO GRANDE DO SUL
458;@SandroAlex5555;Sandro Alex;Sandro Alex;PSD;PSD;PSD / PSC / PL / Cidadania / PODE;124.512;Assumiu a Secretaria de Justiça do Paraná, substituído por Evandro Roman (Patriota);PARANÁ
459;@SargentoFAHUR;Sargento Fahur;Sargento Fahur;PSD;PSD;PSD / PSC / PL / Cidadania / PODE;314.963;;PARANÁ
460;@SebaOliveirajr;Sebastião Oliveira;Sebastião Oliveira;PL;PL;PP / PL / Solidariedade / PMN;129.978;;PERNAMBUCO
461;–;Sérgio Brito;Sérgio Brito;PSD;PSD;PT / PCdoB / PP / PSB / PSD / PL / PODE;105.427;Assumiu a Secretaria de Desenvolvimento Urbano da Bahia, substituído por Joseildo Ramos (PT);BAHIA
462;@_sergiosouza;Sergio Souza;Sergio Souza;MDB;MDB;MDB / PDT / Solidariedade / PCdoB;94.077;;PARANÁ
463;@depsergiotoledo;Sérgio Toledo;Sérgio Toledo;PL;PL;MDB / Cidadania / PDT / PL / PTB / PT / PRTB / PODE / PRP / PSD / PMN / Avante;98.201;;ALAGOAS
464;@vidigalsergio;Sérgio Vidigal;Sérgio Vidigal;PDT;PDT;PDT / DEM / PSD / PSDB / PRP / SD;73.030;;ESPÍRITO SANTO
465;–;Severino Pessôa;Severino Pessôa;Republicanos;Republicanos;PTC / PSDB / PP / PSB / PSC / PROS / Republicanos / DEM;70.413;;ALAGOAS
466;@DepSheridan;Shéridan;Shéridan;PSDB;PSDB;Cidadania / DEM / PSDB / PMB;12.024;;RORAIMA
467;@sidneyleite_;Sidney Leite;Sidney Leite;PSD;PSD;PSD / Republicanos / DEM / PTC / PSDB;77.458;;AMAZONAS
468;@silascamara_;Silas Câmara;Silas Câmara;Republicanos;Republicanos;PSD / Republicanos / DEM / PTC / PSDB;117.181;;AMAZONAS
469;@silviacristinax;Silvia Cristina;Silvia Cristina;PDT;PDT;PDT / PSB / PDT / Solidariedade / PP / PL / DC / PTC / PT;33.038;;RONDÔNIA
470;@Silvio_CFilho;Sílvio Costa Filho;Sílvio Costa Filho;Republicanos;Republicanos;PTB / DEM / PSDB / PSC / Republicanos / PODE / Cidadania;109.185;;PERNAMBUCO
471;@sorayasantos;Soraya Santos;Soraya Santos;PL;PL;PODE / PL;48.328;;RIO DE JANEIRO
472;@DepSostenes;Sóstenes Cavalcanti;Sóstenes Cavalcanti;DEM;DEM;DEM / MDB / PP / PTB;94.203;;RIO DE JANEIRO
473;@depstefano;Stefano Aguiar;Stefano Aguiar;PSD;PSD;PSDB / PSD / Solidariedade / Cidadania / DEM / PP;115.258;;MINAS GERAIS
474;@SubGonzagaMG;Subtenente Gonzaga;Subtenente Gonzaga;PDT;PDT;PDT / PV / Republicanos / MDB;92.790;;MINAS GERAIS
475;@tabataamaralsp;Tabata Amaral;Tabata Amaral;PDT;PDT;PDT;264.450;;SÃO PAULO
476;@TadeuAlencarPE;Tadeu Alencar;Tadeu Alencar;PSB;PSB;PSB / PCdoB / MDB / PSD;53.597;;PERNAMBUCO
477;@taliriapetrone;Talíria Petrone;Talíria Petrone;PSOL;PSOL;PSOL / PCB;107.317;;RIO DE JANEIRO
478;@TerezaCrisMS;Tereza Cristina;Tereza Cristina;DEM;DEM;PSDB / Patriota / PSD / PMB / DEM / PP;75.068;Assumiu o Ministério da Agricultura, substituída por Bia Cavassa (PSDB);MATO GROSSO DO SUL
479;@TerezaNelma_;Tereza Nelma;Tereza Nelma;PSDB;PSDB;MDB / Cidadania / PDT / PL / PTB / PT / PRTB / PODE / PRP / PSD / PMN / Avante;44.207;;ALAGOAS
480;@tiago_dimas;Tiago Dimas;Tiago Dimas;Solidariedade;Solidariedade;PHS / Avante / PROS / DEM / PTC / PP / Solidariedade / Patriota / Republicanos;71.842;;TOCANTINS
481;@TiagoMitraud;Tiago Mitraud;Tiago Mitraud;NOVO;NOVO;NOVO;71.416;;MINAS GERAIS
482;@tiriricanaweb;Tiririca;Tiririca;PL;PL;PL;453.855;;SÃO PAULO
483;–;Tito;Tito;Avante;Avante;Avante / PROS;48.502;;BAHIA
484;@deputadotoninho;Toninho Wandscheer;Toninho Wandscheer;PROS;PROS;PP / PTB / DEM / PMN / PMB / PSB / PSDB / PROS;72.475;;PARANÁ
485;@tuliogadelha;Túlio Gadêlha;Túlio Gadêlha;PDT;PDT;PROS / Avante / PDT;75.642;;PERNAMBUCO
486;@ulduricojr;Uldurico Júnior;Uldurico Júnior;PROS;PROS;PSC / PTB / Solidariedade / PPL;66.343;Eleito pelo PPL;BAHIA
487;@VaidonOliveira;Vaidon Oliveira;Vaidon Oliveira;PROS;PROS;PROS;30.392;;CEARÁ
488;@ValdevanNoventa;Valdevan Noventa;Valdevan Noventa;PL;PL;Republicanos / Cidadania / PSC / PL / PTC / PSDB / Solidariedade;45.472;Eleito pelo PSC;SERGIPE
489;@DepValmir;Valmir Assunção;Valmir Assunção;PT;PT;PT / PCdoB / PP / PSB / PSD / PL / PODE;118.313;;BAHIA
490;@Vandamilani1;Vanda Milani;Vanda Milani;Solidariedade;Solidariedade;PP / PSDB / PSD / MDB / DEM / Solidariedade / PTC / PMN / PL / PTB / Cidadania;22.219;;ACRE
491;@vanderloubet;Vander Loubet;Vander Loubet;PT;PT;PT;54.991;;MATO GROSSO DO SUL
492;@vanderleimacris;Vanderlei Macris;Vanderlei Macris;PSDB;PSDB;PSDB / PSD / DEM / PP;102.708;;SÃO PAULO
493;@vavamartinspa;Vavá Martins;Vavá Martins;Republicanos;Republicanos;MDB / PSD / PL / PP / PTB / PSC / PSL / Republicanos / PMB / PHS / PODE;158.717;;PARÁ
494;–;Vermelho;Vermelho;PSD;PSD;PSD / PSC / PL / Cidadania / PODE;70.001;;PARANÁ
495;@VICENTINHOPT;Vicentinho;Vicentinho;PT;PT;PT / PCdoB;70.645;;SÃO PAULO
496;@vicentinhojr;Vicentinho Júnior;Vicentinho Júnior;PL;PL;PSB / PSDB / PL / PODE / MDB / PSC;49.868;;TOCANTINS
497;@Vilsondafetaemg;Vilson da FETAEMG;Vilson da FETAEMG;PSB;PSB;PT / PL / PSB / DC / PCdoB;67.827;;MINAS GERAIS
498;@falecomvinicius;Vinicius Carvalho;Vinicius Carvalho;Republicanos;Republicanos;Republicanos;97.862;;SÃO PAULO
499;@Vinicius_Farah;Vinícius Farah;Vinícius Farah;MDB;MDB;DEM / MDB / PP / PTB;57.707;;RIO DE JANEIRO
500;–;Vinícius Gurgel;Vinícius Gurgel;PL;PL;Cidadania / PHS / PL / PSL;18.818;;AMAPÁ
501;@ViniciusPoit;Vinicius Poit;Vinicius Poit;NOVO;NOVO;NOVO;207.118;;SÃO PAULO
502;@MajorVitorHugo;Vitor Hugo;Vitor Hugo;PSL;PSL;PSL / DC;30.508;Suspenso por 1 ano de atividade partidária;GOIÁS
503;@DepVitorLippi;Vítor Lippi;Vítor Lippi;PSDB;PSDB;PSDB / PSD / DEM / PP;120.529;;SÃO PAULO
504;@waldenorpereira;Waldenor Pereira;Waldenor Pereira;PT;PT;PT / PCdoB / PP / PSB / PSD / PL / PODE;121.478;;BAHIA
505;@walteralvesrn;Walter Alves;Walter Alves;MDB;MDB;PDT / PP / MDB;79.333;;RIO GRANDE DO NORTE
506;@pradoweliton;Weliton Prado;Weliton Prado;PROS;PROS;PROS;128.721;;MINAS GERAIS
507;@wr22;Wellington Roberto;Wellington Roberto;PL;PL;MDB / PL / Patriota;107.465;;PARAÍBA
508;@WilsonSantiago_;Wilson Santiago;Wilson Santiago;PTB;PTB;PSB / PTB / Republicanos / PT / DEM / PDT / PCdoB / PODE;86.208;;PARAÍBA
509;@WladGarotinho;Wladimir Garotinho;Wladimir Garotinho;PSD;PSD;PRP;39.398;Eleito pelo PRP;RIO DE JANEIRO
510;@WolneyQueirozM;Wolney Queiroz;Wolney Queiroz;PDT;PDT;PROS / Avante / PDT;82.592;;PERNAMBUCO
511;@Dep_ZeCarlosPT;Zé Carlos;Zé Carlos;PT;PT;PT;76.699;;MARANHÃO
512;@ZeMarioGO;Zé Mário;Zé Mário;DEM;DEM;DEM / PROS / PRP / PDT / PSC / PODE;91.357;;GOIÁS
513;@depzeneto;Zé Neto;Zé Neto;PT;PT;PT / PCdoB / PP / PSB / PSD / PL / PODE;129.196;;BAHIA
514;@ZeSilva_;Zé Silva;Zé Silva;Solidariedade;Solidariedade;PSDB / PSD / Solidariedade / Cidadania / DEM / PP;107.196;;MINAS GERAIS
515;@zevitor_mg;Zé Vitor;Zé Vitor;PL;PL;PSC / PTB / PMN;32.802;Eleito pelo PMN;MINAS GERAIS
516;@zeca_dirceu;Zeca Dirceu;Zeca Dirceu;PT;PT;PT;77.306;;PARANÁ
